LST,NDVI,NDBI,MNDWI,Albedo
37.41980540000003,0.26992426367461436,-0.03923936148234524,-0.2936987283708681,0.19242997250000002
36.903684380000016,0.2990907182552397,0.03750301849570448,-0.39237377510216637,0.20432058749999998
36.70202119999999,0.2256013082286674,0.023634726990632113,-0.31214630299656737,0.1916112425
35.35532132000003,0.22723558095609206,-0.016218444839809783,-0.2744013236190531,0.2004648675
33.54377072,0.49088203785263657,-0.11649031475918384,-0.4297996956123458,0.17891540000000003
35.86802432000002,0.16984976111898764,0.04534627089146648,-0.27389055752039376,0.1881257
37.71717314,0.1698765888037423,0.011272895630777479,-0.23596805778082947,0.1821605925
36.87634022000003,0.28077612620445264,0.018102251519246847,-0.32957935874269867,0.19339558
37.11218359999998,0.17655992249482866,0.003123696610966631,-0.2406802728554886,0.21089608499999998
36.035507300000006,0.1638043609468105,0.042933269561372264,-0.27236595838379385,0.20434775750000003
36.319202959999984,0.4574669187145559,-0.12201312341641946,-0.35818135527356065,0.19418722250000003
37.019897060000005,0.2789940395037804,-0.012559765931634992,-0.29911159619289035,0.20038278
36.12437582000001,0.2382438282977156,0.014664718090150622,-0.30392035653520316,0.1945883925
37.17028994000003,0.17553407122587614,0.039473221948416355,-0.28465097815434615,0.18101054249999998
36.934446560000026,0.21077829186806127,0.0045684512572680535,-0.2757862181811644,0.19326567000000003
34.84945435999998,0.37974656334304224,0.0005566606588838145,-0.44984826434719827,0.2080370475
34.86996248000003,0.3299626457382183,-0.01977673165227668,-0.37982674059378285,0.2035851825
34.75374980000004,0.2467093609483581,-0.022470754940481695,-0.3112479538545483,0.19347436750000002
36.722529320000035,0.37990496252388195,-0.06178144671868531,-0.36973150792146414,0.19953162750000003
35.92954868000004,0.3397911029190687,-0.04679369002691282,-0.34611750960976767,0.1668656425
36.11070374000002,0.176152242381227,0.026314961125625598,-0.25353222736971603,0.17625422500000001
33.47541032000004,0.4379658978438718,-0.032352941176470536,-0.4265748175061495,0.17968677500000002
34.63411910000002,0.45446057015066466,-0.038055081346798705,-0.45620983410551486,0.1921059125
34.497398299999986,0.2759362381568182,-0.03686109666453994,-0.28077230207620346,0.16790305249999998
36.79430774000002,0.42624641426234566,-0.03697287793779253,-0.4270698969361822,0.18938432
35.49546013999998,0.38248057134744423,-0.10351997477285725,-0.3133102353111014,0.17623591
34.42220186000003,0.4075892560936625,-0.06517194475128041,-0.3979413531371157,0.17968979999999998
36.821651900000006,0.1707951893735416,0.03469582188676447,-0.2716720949928664,0.199494365
35.48520608000001,0.42622187376574694,-0.08972655493448753,-0.3754432292269267,0.1838222525
36.1893182,0.25741694390010483,0.003080202697209773,-0.31119822415340287,0.19319400500000003
35.02719139999999,0.32439223666157957,-0.038148752341248295,-0.34272363826521146,0.2114178975
35.92954868000004,0.2437017187832853,-0.016993128486754314,-0.2906409870598857,0.1931094425
34.95883100000003,0.33707076338557473,0.003723363335641169,-0.4113383884820492,0.21310164000000004
36.38756336000006,0.29119753116184877,-0.043118350254425,-0.29018068175849576,0.18207545249999998
36.20640830000002,0.423199874812778,-0.05534143935814871,-0.40801640589772253,0.195062135
34.917814760000056,0.3536194345514742,-0.0068362788891046175,-0.3837236990215603,0.21541901
36.22349840000004,0.3622443290195733,-0.036803101841718505,-0.367503805175038,0.18766614750000002
35.80991798000002,0.16043486227325474,0.01415481045629545,-0.2309736742662804,0.18181335
31.267369400000007,0.6132948581851891,-0.20303484722632587,-0.3990507413025395,0.1442067975
36.01158115999999,0.33142577149936203,-0.03735904371220594,-0.3867018075414532,0.23273435750000002
34.018875500000036,0.3747476828012357,-0.038999046525656125,-0.387807633296053,0.2113929275
36.99938894000002,0.36194547832210044,-0.03724842755249799,-0.3876579745032326,0.21719969000000003
32.07744014000002,0.4671544961861258,-0.05430521271961663,-0.4278868740016913,0.154544845
36.73278338,0.24015543003645398,-0.014522199958802289,-0.28428489500079324,0.19235036000000003
36.04234334,0.26571960297766745,-0.035968519928915976,-0.2748245879074765,0.1779474
35.17758428000002,0.3319054409517263,-0.03416058651750816,-0.3551066384443041,0.19115273500000002
34.67855336000002,0.23863958538881141,0.025469210762291864,-0.3372466432411049,0.1938597525
35.55014846000006,0.2891215438897789,-0.05652171951621131,-0.28198558258140455,0.19926515250000001
36.50719406000002,0.22708004760760084,0.016387895422010714,-0.2936658431684543,0.1885034125
35.22201854000002,0.2767564052815387,-0.009026033766814899,-0.3377940641696271,0.205996355
36.03892532000003,0.4522817845078102,-0.0745212201867293,-0.4253341787880536,0.1934026475
35.905622540000024,0.4138050445586187,-0.007590218842076062,-0.4335144887996451,0.1577512075
37.41980540000003,0.19206088643486047,0.029093172050329685,-0.27997387660323275,0.18755309500000003
37.43347748000002,0.26761990836759536,-0.02461847694815341,-0.2999341546184626,0.20999172000000002
36.134629880000034,0.4151383194007395,-0.02893878289942498,-0.44300203768573837,0.2066530275
36.48668594000003,0.4096930605480342,-0.044397708558889366,-0.41728291764590086,0.19850329250000004
36.332875039999976,0.27463341785853895,-0.011283845572740585,-0.3033806803291579,0.22232519500000003
36.36363721999999,0.23320040009872567,0.026453018843737994,-0.30731554406175304,0.1716711575
35.088715760000014,0.3532857782831938,-0.02184849168213441,-0.3862341509584714,0.191529925
36.08335957999998,0.283319017755239,-0.027300684283151033,-0.3021593165841819,0.18449528750000002
35.56382054000005,0.3243328221350976,-0.022451648700063425,-0.35676615991804006,0.172812985
36.59264456000005,0.4288960492461587,-0.020640911686783645,-0.43218652081907416,0.1865671925
31.974899540000024,0.5054719509267076,-0.08811822991015202,-0.42409777591271514,0.14228867250000002
34.19319452000002,0.37524736924768337,-0.013840216132767272,-0.4213541898446887,0.209727775
36.77038160000001,0.3819102965280883,-0.02110859443815274,-0.41941737608265534,0.20623104
35.46811597999999,0.2717939123215267,-0.02556848988906019,-0.29768183644765933,0.1871993625
35.34506726000001,0.29435919725938076,-0.034908498943690885,-0.3155394876270025,0.19339810999999998
38.98867658000006,0.1739498488351413,0.024259301961201744,-0.2559103925762135,0.1545723725
35.84068016000003,0.4726073227135596,-0.05636465451544593,-0.44167556510440115,0.18852497250000003
36.23717048000003,0.14437789527864872,0.04566051908903336,-0.25227235553893973,0.1898123025
34.75033178000001,0.33724777660897015,-0.09009552120903448,-0.27663825350181936,0.171380565
37.758189379999976,0.32652265542676506,0.0036131656951089134,-0.39736836305128825,0.21383135250000002
35.98081897999998,0.29703622392974754,-0.035187348369125786,-0.321005880760808,0.191784795
31.09988642000002,0.513685839859698,-0.12674016680232128,-0.40845622709061463,0.15205554500000001
37.084839439999996,0.17398985819188134,0.024019964645939456,-0.27097617242324995,0.210994755
34.21712065999998,0.4817540838777566,-0.0860647455012642,-0.4347409450552297,0.1937406775
36.578972480000004,0.19521895057809907,0.005116856723495469,-0.2614163856377703,0.2004805975
35.94322076000003,0.3248503541835482,-0.023910531461863553,-0.38298432616237127,0.20930015000000002
37.37878916,0.2845976545109244,-0.01752960659938127,-0.3210845072958747,0.1973308575
37.08825746000002,0.34854630789814606,-0.03905943186280927,-0.359768451519537,0.20667918000000002
36.56871841999998,0.3555572490827737,-0.0368698707993122,-0.35970279977192704,0.2092846125
34.46663612000003,0.4850999014425232,-0.09330765273142227,-0.4339961192597384,0.1805858875
35.97398294000004,0.19214775021425168,0.010762541582547058,-0.2648219927495118,0.19018289250000003
37.084839439999996,0.17873814674452276,0.022212827581864568,-0.26341300722623684,0.2040899725
36.65075090000005,0.3447201446480876,-0.05858377890059559,-0.3279397818871504,0.16464411
38.298236540000005,0.29193883969613393,-0.02898543743105303,-0.31997013908898014,0.1804429975
35.54331242000001,0.32655585620409744,-0.046324350487253675,-0.3674661595379007,0.22038834249999997
35.86118828000002,0.19166898651834763,0.02480368591606266,-0.3139559836905983,0.1910258225
34.312825220000036,0.47220222475093476,-0.08709985809886782,-0.4110194480336613,0.1904141675
33.024231680000014,0.3748045530468379,-0.06179291357729571,-0.3453264621058107,0.20163059249999998
36.069687499999986,0.21606672328564266,-0.0024188517858665486,-0.28035526065695576,0.1996640125
36.312366920000045,0.29191739382091797,-0.017311066010801124,-0.3299078255202271,0.20251859500000005
34.09407194000005,0.5094155668297614,-0.06881504146459946,-0.4604623806118288,0.184177635
34.16243234000001,0.44952859419263463,-0.09918059267526216,-0.39902389438771857,0.19568740250000002
37.73084521999999,0.18584424672598215,0.031871046725158114,-0.26678430477547627,0.2041993125
36.787471700000026,0.41101302688912467,-0.11593109574548809,-0.3387726959319697,0.1915581125
37.25915845999998,0.40521452728840174,-0.0708278763428408,-0.37419812907163597,0.1984014325
36.42174355999998,0.35515080986725484,-0.079565789190005,-0.31290843392019685,0.16228741500000002
35.874860360000014,0.1852017861845238,0.009834438791033377,-0.26007826645639853,0.1965028875
37.771861460000025,0.22385614005412718,0.01608036784266401,-0.30836283645874946,0.21073741000000001
36.35338316000002,0.23061914594368133,-0.00037462112181994704,-0.28026918403589113,0.1855740025
36.84216002000005,0.20198100092678406,0.003328482298526007,-0.2679344230454073,0.1882038825
35.86802432000002,0.4053733538100293,-0.07751338867622583,-0.3653442428809819,0.18414018
35.56723856000002,0.255743489181975,-0.011976364385907372,-0.2982305064029556,0.16774556000000002
36.93102854000006,0.4265015605572331,-0.06657433406693483,-0.4011420109074857,0.17438835000000003
34.27522700000003,0.22927415572232657,-0.04271605654583064,-0.244318028777521,0.21974462250000001
35.82017203999999,0.3146180090034118,-0.08818182228297412,-0.27383878489947683,0.20144029250000003
