LST,NDVI,NDBI,MNDWI,Albedo,LST_Pred_PINN,PINN_Residual
37.41980540000003,0.2699242636746143,-0.0392393614823452,-0.2936987283708681,0.1924299725,36.07,1.35
36.903684380000016,0.2990907182552397,0.0375030184957044,-0.3923737751021663,0.2043205874999999,36.56,0.34
36.70202119999999,0.2256013082286674,0.0236347269906321,-0.3121463029965673,0.1916112425,36.17,0.53
35.35532132000003,0.227235580956092,-0.0162184448398097,-0.2744013236190531,0.2004648675,36.44,-1.08
33.54377072,0.4908820378526365,-0.1164903147591838,-0.4297996956123458,0.1789154,33.0,0.54
35.86802432000002,0.1698497611189876,0.0453462708914664,-0.2738905575203937,0.1881257,36.59,-0.72
37.71717314,0.1698765888037423,0.0112728956307774,-0.2359680577808294,0.1821605925,36.46,1.26
36.87634022000003,0.2807761262044526,0.0181022515192468,-0.3295793587426986,0.19339558,35.96,0.92
37.11218359999998,0.1765599224948286,0.0031236966109666,-0.2406802728554886,0.2108960849999999,36.94,0.17
36.035507300000006,0.1638043609468105,0.0429332695613722,-0.2723659583837938,0.2043477575,36.54,-0.5
36.319202959999984,0.4574669187145559,-0.1220131234164194,-0.3581813552735606,0.1941872225,34.89,1.43
37.019897060000005,0.2789940395037804,-0.0125597659316349,-0.2991115961928903,0.20038278,36.15,0.87
36.12437582000001,0.2382438282977156,0.0146647180901506,-0.3039203565352031,0.1945883925,36.19,-0.07
37.17028994000003,0.1755340712258761,0.0394732219484163,-0.2846509781543461,0.1810105424999999,36.73,0.44
36.934446560000026,0.2107782918680612,0.004568451257268,-0.2757862181811644,0.19326567,36.38,0.55
34.84945435999998,0.3797465633430422,0.0005566606588838,-0.4498482643471982,0.2080370475,35.21,-0.36
34.86996248000003,0.3299626457382183,-0.0197767316522766,-0.3798267405937828,0.2035851825,35.63,-0.76
34.75374980000004,0.2467093609483581,-0.0224707549404816,-0.3112479538545483,0.1934743675,36.03,-1.28
36.72252932000004,0.3799049625238819,-0.0617814467186853,-0.3697315079214641,0.1995316275,35.4,1.32
35.92954868000004,0.3397911029190687,-0.0467936900269128,-0.3461175096097676,0.1668656425,36.03,-0.1
36.11070374000002,0.176152242381227,0.0263149611256255,-0.253532227369716,0.176254225,36.72,-0.61
33.47541032000004,0.4379658978438718,-0.0323529411764705,-0.4265748175061495,0.179686775,34.98,-1.5
34.63411910000002,0.4544605701506646,-0.0380550813467987,-0.4562098341055148,0.1921059125,35.58,-0.95
34.497398299999986,0.2759362381568182,-0.0368610966645399,-0.2807723020762034,0.1679030524999999,35.96,-1.46
36.79430774000002,0.4262464142623456,-0.0369728779377925,-0.4270698969361822,0.18938432,36.09,0.7
35.49546013999998,0.3824805713474442,-0.1035199747728572,-0.3133102353111014,0.17623591,36.42,-0.92
34.42220186000003,0.4075892560936625,-0.0651719447512804,-0.3979413531371157,0.1796897999999999,35.67,-1.25
36.821651900000006,0.1707951893735416,0.0346958218867644,-0.2716720949928664,0.199494365,36.47,0.35
35.48520608000001,0.4262218737657469,-0.0897265549344875,-0.3754432292269267,0.1838222525,35.61,-0.12
36.1893182,0.2574169439001048,0.0030802026972097,-0.3111982241534028,0.193194005,36.1,0.09
35.02719139999999,0.3243922366615795,-0.0381487523412482,-0.3427236382652114,0.2114178975,35.51,-0.48
35.92954868000004,0.2437017187832853,-0.0169931284867543,-0.2906409870598857,0.1931094425,36.23,-0.3
34.95883100000003,0.3370707633855747,0.0037233633356411,-0.4113383884820492,0.21310164,35.87,-0.91
36.38756336000006,0.2911975311618487,-0.043118350254425,-0.2901806817584957,0.1820754524999999,35.93,0.46
36.20640830000002,0.423199874812778,-0.0553414393581487,-0.4080164058977225,0.195062135,36.26,-0.05
34.917814760000056,0.3536194345514742,-0.0068362788891046,-0.3837236990215603,0.21541901,36.14,-1.22
36.22349840000004,0.3622443290195733,-0.0368031018417185,-0.367503805175038,0.1876661475,35.64,0.58
35.80991798000002,0.1604348622732547,0.0141548104562954,-0.2309736742662804,0.18181335,36.49,-0.68
31.267369400000007,0.6132948581851891,-0.2030348472263258,-0.3990507413025395,0.1442067975,30.94,0.33
36.01158115999999,0.331425771499362,-0.0373590437122059,-0.3867018075414532,0.2327343575,36.0,0.01
34.01887550000004,0.3747476828012357,-0.0389990465256561,-0.387807633296053,0.2113929275,35.22,-1.2
36.99938894000002,0.3619454783221004,-0.0372484275524979,-0.3876579745032326,0.21719969,35.37,1.63
32.07744014000002,0.4671544961861258,-0.0543052127196166,-0.4278868740016913,0.154544845,33.64,-1.56
36.73278338,0.2401554300364539,-0.0145221999588022,-0.2842848950007932,0.19235036,36.27,0.46
36.04234334,0.2657196029776674,-0.0359685199289159,-0.2748245879074765,0.1779474,35.96,0.08
35.17758428000002,0.3319054409517263,-0.0341605865175081,-0.3551066384443041,0.191152735,35.51,-0.33
34.67855336000002,0.2386395853888114,0.0254692107622918,-0.3372466432411049,0.1938597525,35.92,-1.24
35.55014846000006,0.2891215438897789,-0.0565217195162113,-0.2819855825814045,0.1992651525,36.01,-0.46
36.50719406000002,0.2270800476076008,0.0163878954220107,-0.2936658431684543,0.1885034125,36.33,0.18
35.22201854000002,0.2767564052815387,-0.0090260337668148,-0.3377940641696271,0.205996355,35.89,-0.67
36.03892532000003,0.4522817845078102,-0.0745212201867293,-0.4253341787880536,0.1934026475,35.5,0.54
35.905622540000024,0.4138050445586187,-0.007590218842076,-0.4335144887996451,0.1577512075,35.82,0.09
37.41980540000003,0.1920608864348604,0.0290931720503296,-0.2799738766032327,0.187553095,36.48,0.94
37.43347748000002,0.2676199083675953,-0.0246184769481534,-0.2999341546184626,0.20999172,36.24,1.19
36.134629880000034,0.4151383194007395,-0.0289387828994249,-0.4430020376857383,0.2066530275,35.47,0.66
36.48668594000003,0.4096930605480342,-0.0443977085588893,-0.4172829176459008,0.1985032925,36.34,0.15
36.332875039999976,0.2746334178585389,-0.0112838455727405,-0.3033806803291579,0.222325195,36.69,-0.36
36.36363721999999,0.2332004000987256,0.0264530188437379,-0.307315544061753,0.1716711575,36.8,-0.44
35.088715760000014,0.3532857782831938,-0.0218484916821344,-0.3862341509584714,0.191529925,35.53,-0.44
36.08335957999998,0.283319017755239,-0.027300684283151,-0.3021593165841819,0.1844952875,36.02,0.06
35.56382054000005,0.3243328221350976,-0.0224516487000634,-0.35676615991804,0.172812985,35.86,-0.3
36.59264456000005,0.4288960492461587,-0.0206409116867836,-0.4321865208190741,0.1865671925,35.78,0.81
31.974899540000024,0.5054719509267076,-0.088118229910152,-0.4240977759127151,0.1422886725,32.01,-0.04
34.19319452000002,0.3752473692476833,-0.0138402161327672,-0.4213541898446887,0.209727775,35.4,-1.21
36.77038160000001,0.3819102965280883,-0.0211085944381527,-0.4194173760826553,0.20623104,35.63,1.14
35.46811597999999,0.2717939123215267,-0.0255684898890601,-0.2976818364476593,0.1871993625,36.09,-0.62
35.34506726000001,0.2943591972593807,-0.0349084989436908,-0.3155394876270025,0.1933981099999999,35.85,-0.5
38.98867658000006,0.1739498488351413,0.0242593019612017,-0.2559103925762135,0.1545723725,38.57,0.42
35.84068016000003,0.4726073227135596,-0.0563646545154459,-0.4416755651044011,0.1885249725,35.23,0.61
36.23717048000003,0.1443778952786487,0.0456605190890333,-0.2522723555389397,0.1898123025,36.62,-0.38
34.75033178000001,0.3372477766089701,-0.0900955212090344,-0.2766382535018193,0.171380565,36.21,-1.46
37.758189379999976,0.326522655426765,0.0036131656951089,-0.3973683630512882,0.2138313525,36.28,1.48
35.98081897999998,0.2970362239297475,-0.0351873483691257,-0.321005880760808,0.191784795,35.82,0.16
31.09988642000002,0.513685839859698,-0.1267401668023212,-0.4084562270906146,0.152055545,31.66,-0.56
37.08483944,0.1739898581918813,0.0240199646459394,-0.2709761724232499,0.210994755,36.76,0.32
34.21712065999998,0.4817540838777566,-0.0860647455012642,-0.4347409450552297,0.1937406775,34.7,-0.48
36.57897248,0.195218950578099,0.0051168567234954,-0.2614163856377703,0.2004805975,36.56,0.02
35.94322076000003,0.3248503541835482,-0.0239105314618635,-0.3829843261623712,0.20930015,35.83,0.11
37.37878916,0.2845976545109244,-0.0175296065993812,-0.3210845072958747,0.1973308575,35.87,1.51
37.08825746000002,0.348546307898146,-0.0390594318628092,-0.359768451519537,0.20667918,35.17,1.92
36.56871841999998,0.3555572490827737,-0.0368698707993122,-0.359702799771927,0.2092846125,35.27,1.3
34.46663612000003,0.4850999014425232,-0.0933076527314222,-0.4339961192597384,0.1805858875,33.63,0.84
35.97398294000004,0.1921477502142516,0.010762541582547,-0.2648219927495118,0.1901828925,36.43,-0.46
37.08483944,0.1787381467445227,0.0222128275818645,-0.2634130072262368,0.2040899725,36.62,0.46
36.65075090000005,0.3447201446480876,-0.0585837789005955,-0.3279397818871504,0.16464411,36.07,0.58
38.298236540000005,0.2919388396961339,-0.028985437431053,-0.3199701390889801,0.1804429975,35.94,2.36
35.54331242000001,0.3265558562040974,-0.0463243504872536,-0.3674661595379007,0.2203883424999999,35.81,-0.27
35.86118828000002,0.1916689865183476,0.0248036859160626,-0.3139559836905983,0.1910258225,36.16,-0.3
34.31282522000004,0.4722022247509347,-0.0870998580988678,-0.4110194480336613,0.1904141675,34.7,-0.39
33.024231680000014,0.3748045530468379,-0.0617929135772957,-0.3453264621058107,0.2016305924999999,34.85,-1.83
36.06968749999999,0.2160667232856426,-0.0024188517858665,-0.2803552606569557,0.1996640125,36.41,-0.34
36.312366920000045,0.2919173938209179,-0.0173110660108011,-0.3299078255202271,0.202518595,35.76,0.55
34.09407194000005,0.5094155668297614,-0.0688150414645994,-0.4604623806118288,0.184177635,34.14,-0.05
34.16243234000001,0.4495285941926346,-0.0991805926752621,-0.3990238943877185,0.1956874025,34.99,-0.83
37.73084521999999,0.1858442467259821,0.0318710467251581,-0.2667843047754762,0.2041993125,36.59,1.14
36.787471700000026,0.4110130268891246,-0.115931095745488,-0.3387726959319697,0.1915581125,35.96,0.83
37.25915845999998,0.4052145272884017,-0.0708278763428408,-0.3741981290716359,0.1984014325,35.75,1.51
36.42174355999998,0.3551508098672548,-0.079565789190005,-0.3129084339201968,0.162287415,36.02,0.4
35.874860360000014,0.1852017861845238,0.0098344387910333,-0.2600782664563985,0.1965028875,36.5,-0.63
37.771861460000025,0.2238561400541271,0.016080367842664,-0.3083628364587494,0.21073741,36.48,1.29
36.35338316000002,0.2306191459436813,-0.0003746211218199,-0.2802691840358911,0.1855740025,36.32,0.03
36.84216002000005,0.201981000926784,0.003328482298526,-0.2679344230454073,0.1882038825,36.39,0.45
35.86802432000002,0.4053733538100293,-0.0775133886762258,-0.3653442428809819,0.18414018,36.15,-0.28
35.56723856000002,0.255743489181975,-0.0119763643859073,-0.2982305064029556,0.16774556,36.35,-0.78
36.93102854000006,0.4265015605572331,-0.0665743340669348,-0.4011420109074857,0.17438835,35.13,1.8
34.27522700000003,0.2292741557223265,-0.0427160565458306,-0.244318028777521,0.2197446225,36.83,-2.55
35.82017203999999,0.3146180090034118,-0.0881818222829741,-0.2738387848994768,0.2014402925,35.61,0.21
